PERMNO,date,SICCD,TICKER,COMNAM,NAICS,PRC,VOL,RET,SHROUT,vwretd,ewretd,sprtrn
14593,20120131,3571,AAPL,APPLE INC,334111,456.48001,2529489,0.127111,932370,0.054140,0.085342,0.043583
14593,20120229,3571,AAPL,APPLE INC,334111,542.44000,4208016,0.188311,932370,0.041253,0.036494,0.040589
14593,20120330,3571,AAPL,APPLE INC,334111,599.54999,5751713,0.105284,934982,0.024039,0.017608,0.031332
14593,20120430,3571,AAPL,APPLE INC,334111,583.97998,5815315,-0.025969,935062,-0.006840,-0.009106,-0.007497
14593,20120531,3571,AAPL,APPLE INC,334111,577.72998,4145678,-0.010702,935062,-0.065641,-0.068418,-0.062651
14593,20120629,3571,AAPL,APPLE INC,334111,584.00000,2927706,0.010853,937266,0.038181,0.034188,0.039555
14593,20120731,3571,AAPL,APPLE INC,334111,610.76001,3336045,0.045822,937406,0.010306,-0.003281,0.012598
14593,20120831,3571,AAPL,APPLE INC,334111,665.23999,3104998,0.093539,937406,0.026336,0.024819,0.019763
14593,20120928,3571,AAPL,APPLE INC,334111,667.10498,3438905,0.002803,939208,0.026532,0.034925,0.024236
14593,20121031,3571,AAPL,APPLE INC,334111,595.32001,4539999,-0.107607,940692,-0.014064,-0.013477,-0.019789
14593,20121130,3571,AAPL,APPLE INC,334111,585.28003,4629601,-0.012413,940692,0.006219,0.002790,0.002847
14593,20121231,3571,AAPL,APPLE INC,334111,532.17291,4472556,-0.090738,938973,0.012580,0.021872,0.007068
14593,20130131,3571,AAPL,APPLE INC,334111,455.48999,4864029,-0.144094,939058,0.054189,0.063509,0.050428
14593,20130228,3571,AAPL,APPLE INC,334111,441.39999,3474204,-0.025116,939058,0.008284,0.003491,0.011061
14593,20130328,3571,AAPL,APPLE INC,334111,442.66000,3418252,0.002855,940094,0.035320,0.031419,0.035988
14593,20130430,3571,AAPL,APPLE INC,334111,442.78000,4103155,0.000271,938649,0.014942,0.002477,0.018086
14593,20130531,3571,AAPL,APPLE INC,334111,449.73499,3507527,0.022596,938649,0.019155,0.023985,0.020763
14593,20130628,3571,AAPL,APPLE INC,334111,396.53000,2611351,-0.118303,908442,-0.015071,-0.013012,-0.014999
14593,20130731,3571,AAPL,APPLE INC,334111,452.53000,2431461,0.141225,908497,0.052690,0.054898,0.049462
14593,20130830,3571,AAPL,APPLE INC,334111,487.21600,2997612,0.083389,908497,-0.025761,-0.017278,-0.031298
14593,20130930,3571,AAPL,APPLE INC,334111,476.75000,3214144,-0.021481,899213,0.037514,0.051828,0.029749
14593,20131031,3571,AAPL,APPLE INC,334111,522.70203,2948696,0.096386,899738,0.039908,0.025762,0.044596
14593,20131129,3571,AAPL,APPLE INC,334111,556.07001,1952387,0.069673,899738,0.024973,0.023398,0.028049
14593,20131231,3571,AAPL,APPLE INC,334111,561.02002,2547642,0.008902,892447,0.026159,0.025240,0.023563
14593,20140131,3571,AAPL,APPLE INC,334111,500.60001,3188098,-0.107697,891989,-0.030047,-0.001282,-0.035583
14593,20140228,3571,AAPL,APPLE INC,334111,526.23999,2111318,0.057311,891989,0.046225,0.044257,0.043117
14593,20140331,3571,AAPL,APPLE INC,334111,536.73999,1794860,0.019953,861745,0.004544,0.001028,0.006932
14593,20140430,3571,AAPL,APPLE INC,334111,590.09003,2299269,0.099396,861381,0.001569,-0.022319,0.006201
14593,20140530,3571,AAPL,APPLE INC,334111,633.00000,2051679,0.078293,861381,0.020260,0.006647,0.021030
14593,20140630,3571,AAPL,APPLE INC,334111,92.93000,8535462,0.027662,5989171,0.027991,0.039501,0.019058
14593,20140731,3571,AAPL,APPLE INC,334111,95.60000,10375564,0.028731,5987867,-0.020567,-0.035223,-0.015080
14593,20140829,3571,AAPL,APPLE INC,334111,102.50000,9380685,0.077092,5987867,0.040225,0.033697,0.037655
14593,20140930,3571,AAPL,APPLE INC,334111,100.75000,15283673,-0.017073,5866161,-0.025209,-0.044988,-0.015514
14593,20141031,3571,AAPL,APPLE INC,334111,108.00000,13609713,0.071960,5864840,0.021174,0.014199,0.023201
14593,20141128,3571,AAPL,APPLE INC,334111,118.93000,8213451,0.105556,5864840,0.021114,-0.002458,0.024534
14593,20141231,3571,AAPL,APPLE INC,334111,110.38000,10766123,-0.071891,5826419,-0.003662,-0.000189,-0.004189
14593,20150130,3571,AAPL,APPLE INC,334111,117.16000,13062738,0.061424,5824748,-0.027207,-0.019073,-0.031041
14593,20150227,3571,AAPL,APPLE INC,334111,128.46001,11373392,0.100461,5824748,0.055974,0.054120,0.054893
14593,20150331,3571,AAPL,APPLE INC,334111,124.43000,11389236,-0.031372,5824748,-0.010410,-0.005112,-0.017396
14593,20150430,3571,AAPL,APPLE INC,334111,125.15000,9962108,0.005786,5762278,0.008776,0.015127,0.008521
14593,20150529,3571,AAPL,APPLE INC,334111,130.28000,9552599,0.045146,5762278,0.010290,0.003970,0.010491
14593,20150630,3571,AAPL,APPLE INC,334111,125.42500,8789027,-0.037266,5705400,-0.019238,-0.013459,-0.021012
14593,20150731,3571,AAPL,APPLE INC,334111,121.30000,10600330,-0.032888,5702722,0.012110,-0.027130,0.019742
14593,20150831,3571,AAPL,APPLE INC,334111,112.76000,16079713,-0.066117,5702722,-0.059982,-0.047295,-0.062581
14593,20150930,3571,AAPL,APPLE INC,334111,110.30000,12091001,-0.021816,5702722,-0.033793,-0.049906,-0.026443
14593,20151030,3571,AAPL,APPLE INC,334111,119.50000,11147142,0.083409,5575331,0.074006,0.052851,0.082983
14593,20151130,3571,AAPL,APPLE INC,334111,118.30000,7517860,-0.005690,5575331,0.002410,0.007326,0.000505
14593,20151231,3571,AAPL,APPLE INC,334111,105.26000,9237703,-0.110228,5544487,-0.022227,-0.035860,-0.017530
14593,20160129,3571,AAPL,APPLE INC,334111,97.34000,12705755,-0.075242,5544583,-0.057148,-0.074934,-0.050735
14593,20160229,3571,AAPL,APPLE INC,334111,96.69000,8115988,-0.001335,5544583,0.000613,0.005564,-0.004128
14593,20160331,3571,AAPL,APPLE INC,334111,108.99000,7462865,0.127211,5478446,0.070554,0.078181,0.065991
14593,20160429,3571,AAPL,APPLE INC,334111,93.74000,8736024,-0.139921,5477425,0.011725,0.039818,0.002699
14593,20160531,3571,AAPL,APPLE INC,334111,99.86000,9014125,0.071368,5477425,0.014354,-0.000584,0.015329
14593,20160630,3571,AAPL,APPLE INC,334111,95.60000,7810042,-0.042660,5393165,0.002929,0.005847,0.000906
14593,20160729,3571,AAPL,APPLE INC,334111,104.21000,6860207,0.090063,5388443,0.038849,0.049900,0.035610
14593,20160831,3571,AAPL,APPLE INC,334111,106.10000,6322814,0.023606,5388443,0.002806,0.012873,-0.001219
14593,20160930,3571,AAPL,APPLE INC,334111,113.05000,9701084,0.065504,5388443,0.003015,0.015368,-0.001234
14593,20161031,3571,AAPL,APPLE INC,334111,113.54000,6880542,0.004334,5332313,-0.021566,-0.039930,-0.019426
14593,20161130,3571,AAPL,APPLE INC,334111,110.52000,7252313,-0.021578,5332313,0.040543,0.050508,0.034174
14593,20161230,3571,AAPL,APPLE INC,334111,115.82000,6107580,0.047955,5257816,0.018772,0.015897,0.018201
14593,20170131,3571,AAPL,APPLE INC,334111,121.35000,5633445,0.047746,5246540,0.022173,0.025937,0.017884
14593,20170228,3571,AAPL,APPLE INC,334111,136.99001,5765024,0.133581,5246540,0.032623,0.017121,0.037198
14593,20170331,3571,AAPL,APPLE INC,334111,143.66000,5625243,0.048690,5205815,0.002064,0.006378,-0.000389
14593,20170428,3571,AAPL,APPLE INC,334111,143.64999,3744562,-0.000070,5213840,0.009657,0.003709,0.009091
14593,20170531,3571,AAPL,APPLE INC,334111,152.75999,6555619,0.067804,5213840,0.009335,-0.011302,0.011576
14593,20170630,3571,AAPL,APPLE INC,334111,144.02000,6847120,-0.057214,5169782,0.009580,0.022960,0.004814
14593,20170731,3571,AAPL,APPLE INC,334111,148.73000,4222408,0.032704,5165228,0.020294,0.009082,0.019349
14593,20170831,3571,AAPL,APPLE INC,334111,164.00000,6617859,0.106905,5165228,0.001593,-0.008726,0.000546
14593,20170929,3571,AAPL,APPLE INC,334111,154.12000,6805415,-0.060244,5126201,0.023758,0.046845,0.019303
14593,20171031,3571,AAPL,APPLE INC,334111,169.03999,5043862,0.096808,5134312,0.019294,0.002239,0.022188
14593,20171130,3571,AAPL,APPLE INC,334111,171.85001,6016020,0.020350,5134312,0.027260,0.020843,0.028083
14593,20171229,3571,AAPL,APPLE INC,334220,169.23000,5319099,-0.015246,5087056,0.012129,0.014185,0.009832
14593,20180131,3571,AAPL,APPLE INC,334220,167.42999,6597524,-0.010636,5074013,0.050638,0.029441,0.056179
14593,20180228,3571,AAPL,APPLE INC,334220,178.12000,9326122,0.067610,5074013,-0.039481,-0.040026,-0.038947
14593,20180329,3571,AAPL,APPLE INC,334220,167.78000,7156363,-0.058051,4943282,-0.018445,0.001242,-0.026885
14593,20180430,3571,AAPL,APPLE INC,334220,165.25999,6662564,-0.015020,4915138,0.004692,0.008169,0.002719
14593,20180531,3571,AAPL,APPLE INC,334220,186.87000,6211796,0.135181,4915138,0.026164,0.034593,0.021608
14593,20180629,3571,AAPL,APPLE INC,334220,185.11000,5276132,-0.009418,4842917,0.005365,0.002790,0.004842
14593,20180731,3571,AAPL,APPLE INC,334220,190.28999,3925671,0.027983,4829926,0.031604,0.006837,0.036022
14593,20180831,3571,AAPL,APPLE INC,334220,227.63000,7006518,0.200063,4829926,0.030233,0.019201,0.030263
14593,20180928,3571,AAPL,APPLE INC,334220,225.74001,6790750,-0.008303,4754986,0.000425,-0.010332,0.004294
14593,20181031,3571,AAPL,APPLE INC,334220,218.86000,7901731,-0.030478,4745398,-0.074045,-0.082375,-0.069403
14593,20181130,3571,AAPL,APPLE INC,334220,178.58000,9614243,-0.180709,4745398,0.018512,0.000656,0.017859
14593,20181231,3571,AAPL,APPLE INC,334220,157.74001,8989251,-0.116698,4729803,-0.089890,-0.099321,-0.091777
14593,20190131,3571,AAPL,APPLE INC,334220,166.44000,8286384,0.055154,4715280,0.088294,0.120260,0.078684
14593,20190228,3571,AAPL,APPLE INC,334220,173.14999,4728399,0.044701,4715280,0.032724,0.038572,0.029729
14593,20190329,3571,AAPL,APPLE INC,334220,189.95000,6509946,0.097026,4715280,0.012962,-0.003908,0.017924
14593,20190430,3571,AAPL,APPLE INC,334220,200.67000,5069258,0.056436,4601075,0.037893,0.020355,0.039313
14593,20190531,3571,AAPL,APPLE INC,334220,175.07001,7394492,-0.123735,4601075,-0.061679,-0.064571,-0.065778
14593,20190628,3571,AAPL,APPLE INC,334220,197.92000,5161482,0.130519,4531395,0.067279,0.049002,0.068930
14593,20190731,3571,AAPL,APPLE INC,334220,213.03999,4736504,0.076394,4519180,0.011854,-0.005245,0.013128
14593,20190830,3571,AAPL,APPLE INC,334220,208.74001,6836722,-0.016570,4519180,-0.020339,-0.040001,-0.018092
14593,20190930,3571,AAPL,APPLE INC,334220,223.97000,5472803,0.072962,4443236,0.016033,0.017681,0.017181
14593,20191031,3571,AAPL,APPLE INC,334220,248.75999,6227831,0.110684,4443265,0.019256,0.006291,0.020432
14593,20191129,3571,AAPL,APPLE INC,334220,267.25000,4495545,0.077424,4443265,0.034997,0.026601,0.034047
14593,20191231,3571,AAPL,APPLE INC,334220,293.64999,5984993,0.098784,4384959,0.028491,0.044379,0.028590
14593,20200131,3571,AAPL,APPLE INC,334220,309.51001,7346625,0.054010,4375480,-0.001728,-0.013334,-0.001628
14593,20200228,3571,AAPL,APPLE INC,334220,273.35999,7538341,-0.114310,4375480,-0.077918,-0.069814,-0.084110
14593,20200331,3571,AAPL,APPLE INC,334220,254.28999,15678412,-0.069761,4323987,-0.141733,-0.207501,-0.125119
14593,20200430,3571,AAPL,APPLE INC,334220,293.79999,8151167,0.155374,4334335,0.129674,0.153868,0.126844
14593,20200529,3571,AAPL,APPLE INC,334220,317.94000,7011777,0.084956,4334335,0.053739,0.064070,0.045282
14593,20200630,3571,AAPL,APPLE INC,334220,364.79999,8095231,0.147386,4283939,0.025299,0.057391,0.018388
14593,20200731,3571,AAPL,APPLE INC,334220,425.04001,7543023,0.165132,4275634,0.055529,0.040737,0.055101
14593,20200831,3571,AAPL,APPLE INC,334220,129.03999,11844232,0.216309,17102536,0.068442,0.038884,0.070065
14593,20200930,3571,AAPL,APPLE INC,334220,115.81000,38816274,-0.102526,16976763,-0.035056,-0.027356,-0.039228
14593,20201030,3571,AAPL,APPLE INC,334220,108.86000,28938282,-0.060012,17001802,-0.020178,0.000584,-0.027666
14593,20201130,3571,AAPL,APPLE INC,334220,119.05000,21197000,0.095490,17001802,0.123707,0.174412,0.107546
14593,20201231,3571,AAPL,APPLE INC,334220,132.69000,23205317,0.114574,16823263,0.045048,0.072853,0.037121
14593,20210129,3571,AAPL,APPLE INC,334220,131.96001,22434811,-0.005502,16788096,-0.000631,0.073192,-0.011137
14593,20210226,3571,AAPL,APPLE INC,334220,121.26000,18332944,-0.079532,16788096,0.029196,0.067528,0.026091
14593,20210331,3571,AAPL,APPLE INC,334220,122.15000,26489849,0.007340,16686305,0.030573,0.012449,0.042439
14593,20210430,3571,AAPL,APPLE INC,334220,131.46001,18888744,0.076218,16687631,0.048190,0.016612,0.052425
14593,20210528,3571,AAPL,APPLE INC,334220,124.61000,17116318,-0.050434,16687631,0.007092,0.013179,0.005487
14593,20210630,3571,AAPL,APPLE INC,334220,136.96001,16058898,0.099109,16556942,0.023422,0.021482,0.022214
14593,20210730,3571,AAPL,APPLE INC,334220,145.86000,19182583,0.064982,16530166,0.011828,-0.033644,0.022748
14593,20210831,3571,AAPL,APPLE INC,334220,151.83000,14615956,0.042438,16530166,0.027147,0.018892,0.028990
14593,20210930,3571,AAPL,APPLE INC,334220,141.50000,17967120,-0.068037,16426786,-0.042243,-0.028472,-0.047569
14593,20211029,3571,AAPL,APPLE INC,334220,149.80000,15637134,0.058657,16406397,0.064657,0.026557,0.069144
14593,20211130,3571,AAPL,APPLE INC,334220,165.30000,16900358,0.104940,16406397,-0.018347,-0.046540,-0.008334
14593,20211231,3571,AAPL,APPLE INC,334220,177.57001,24442196,0.074229,16344923,0.033345,-0.001760,0.043613
84788,20120131,7370,AMZN,AMAZON COM INC,454110,194.44000,1160907,0.123281,455068,0.054140,0.085342,0.043583
84788,20120229,7370,AMZN,AMAZON COM INC,454110,179.69000,1524481,-0.075859,451592,0.041253,0.036494,0.040589
84788,20120330,7370,AMZN,AMAZON COM INC,454110,202.50999,1192559,0.126996,450000,0.024039,0.017608,0.031332
84788,20120430,7370,AMZN,AMAZON COM INC,454110,231.89999,1167696,0.145129,450526,-0.006840,-0.009106,-0.007497
84788,20120531,7370,AMZN,AMAZON COM INC,454110,212.91000,978741,-0.081889,450526,-0.065641,-0.068418,-0.062651
84788,20120629,7370,AMZN,AMAZON COM INC,454110,228.35001,694167,0.072519,452000,0.038181,0.034188,0.039555
84788,20120731,7370,AMZN,AMAZON COM INC,454110,233.30000,811847,0.021677,452065,0.010306,-0.003281,0.012598
84788,20120831,7370,AMZN,AMAZON COM INC,454110,248.27000,632852,0.064166,452065,0.026336,0.024819,0.019763
84788,20120928,7370,AMZN,AMAZON COM INC,454110,254.32001,669884,0.024369,453000,0.026532,0.034925,0.024236
84788,20121031,7370,AMZN,AMAZON COM INC,454110,232.89310,854023,-0.084252,452959,-0.014064,-0.013477,-0.019789
84788,20121130,7370,AMZN,AMAZON COM INC,454110,252.05000,648892,0.082256,452959,0.006219,0.002790,0.002847
84788,20121231,7370,AMZN,AMAZON COM INC,454110,250.87000,622229,-0.004682,454000,0.012580,0.021872,0.007068
84788,20130131,7370,AMZN,AMAZON COM INC,454110,265.50000,886216,0.058317,454551,0.054189,0.063509,0.050428
84788,20130228,7370,AMZN,AMAZON COM INC,454110,264.26999,721653,-0.004633,454967,0.008284,0.003491,0.011061
84788,20130328,7370,AMZN,AMAZON COM INC,454110,266.48999,622783,0.008401,455000,0.035320,0.031419,0.035988
84788,20130430,7370,AMZN,AMAZON COM INC,454110,253.81000,822621,-0.047581,455243,0.014942,0.002477,0.018086
84788,20130531,7370,AMZN,AMAZON COM INC,454110,269.20001,629395,0.060636,455243,0.019155,0.023985,0.020763
84788,20130628,7370,AMZN,AMAZON COM INC,454110,277.69000,625412,0.031538,457000,-0.015071,-0.013012,-0.014999
84788,20130731,7370,AMZN,AMAZON COM INC,454110,301.22000,712775,0.084735,456884,0.052690,0.054898,0.049462
84788,20130830,7370,AMZN,AMAZON COM INC,454110,280.98001,463909,-0.067193,456884,-0.025761,-0.017278,-0.031298
84788,20130930,7370,AMZN,AMAZON COM INC,454110,312.64001,464037,0.112677,458000,0.037514,0.051828,0.029749
84788,20131031,7370,AMZN,AMAZON COM INC,454110,364.03000,823283,0.164374,457734,0.039908,0.025762,0.044596
84788,20131129,7370,AMZN,AMAZON COM INC,454110,393.62000,576040,0.081285,457734,0.024973,0.023398,0.028049
84788,20131231,7370,AMZN,AMAZON COM INC,454110,398.79001,562732,0.013135,459000,0.026159,0.025240,0.023563
84788,20140131,7370,AMZN,AMAZON COM INC,454113,358.69000,811011,-0.100554,459265,-0.030047,-0.001282,-0.035583
84788,20140228,7370,AMZN,AMAZON COM INC,454113,362.10001,831240,0.009507,459894,0.046225,0.044257,0.043117
84788,20140331,7370,AMZN,AMAZON COM INC,454113,336.36499,753679,-0.071072,460000,0.004544,0.001028,0.006932
84788,20140430,7370,AMZN,AMAZON COM INC,454113,304.13000,1383566,-0.095833,460167,0.001569,-0.022319,0.006201
84788,20140530,7370,AMZN,AMAZON COM INC,454113,312.54999,788313,0.027685,460167,0.020260,0.006647,0.021030
84788,20140630,7370,AMZN,AMAZON COM INC,454113,324.78000,768726,0.039130,462000,0.027991,0.039501,0.019058
84788,20140731,7370,AMZN,AMAZON COM INC,454113,312.98999,994989,-0.036302,462036,-0.020567,-0.035223,-0.015080
84788,20140829,7370,AMZN,AMAZON COM INC,454113,339.04001,620794,0.083230,462036,0.040225,0.033697,0.037655
84788,20140930,7370,AMZN,AMAZON COM INC,454113,322.44000,681127,-0.048962,463000,-0.025209,-0.044988,-0.015514
84788,20141031,7370,AMZN,AMAZON COM INC,454113,305.45999,1112257,-0.052661,463006,0.021174,0.014199,0.023201
84788,20141128,7370,AMZN,AMAZON COM INC,454113,338.64001,689940,0.108623,463006,0.021114,-0.002458,0.024534
84788,20141231,7370,AMZN,AMAZON COM INC,454113,310.35001,869005,-0.083540,464384,-0.003662,-0.000189,-0.004189
84788,20150130,7370,AMZN,AMAZON COM INC,454113,354.53000,1031093,0.142355,464384,-0.027207,-0.019073,-0.031041
84788,20150227,7370,AMZN,AMAZON COM INC,454113,380.16000,708518,0.072293,465393,0.055974,0.054120,0.054893
84788,20150331,7370,AMZN,AMAZON COM INC,454113,372.10001,555089,-0.021202,466000,-0.010410,-0.005112,-0.017396
84788,20150430,7370,AMZN,AMAZON COM INC,454113,421.78000,844127,0.133512,465681,0.008776,0.015127,0.008521
84788,20150529,7370,AMZN,AMAZON COM INC,454113,429.23001,519909,0.017663,465681,0.010290,0.003970,0.010491
84788,20150630,7370,AMZN,AMAZON COM INC,454113,434.09000,550218,0.011323,468000,-0.019238,-0.013459,-0.021012
84788,20150731,7370,AMZN,AMAZON COM INC,454113,536.15002,1021489,0.235113,467710,0.012110,-0.027130,0.019742
84788,20150831,7370,AMZN,AMAZON COM INC,454113,512.89001,829193,-0.043383,467710,-0.059982,-0.047295,-0.062581
84788,20150930,7370,AMZN,AMAZON COM INC,454113,511.89001,767961,-0.001950,469000,-0.033793,-0.049906,-0.026443
84788,20151030,7370,AMZN,AMAZON COM INC,454113,625.90002,972463,0.222724,468762,0.074006,0.052851,0.082983
84788,20151130,7370,AMZN,AMAZON COM INC,454113,664.79999,873058,0.062150,468762,0.002410,0.007326,0.000505
84788,20151231,7370,AMZN,AMAZON COM INC,454113,675.89001,902288,0.016682,471000,-0.022227,-0.035860,-0.017530
84788,20160129,7370,AMZN,AMAZON COM INC,454113,587.00000,1302119,-0.131516,470842,-0.057148,-0.074934,-0.050735
84788,20160229,7370,AMZN,AMAZON COM INC,454113,552.52002,1242930,-0.058739,470899,0.000613,0.005564,-0.004128
84788,20160331,7370,AMZN,AMAZON COM INC,454113,593.64001,940262,0.074423,472000,0.070554,0.078181,0.065991
84788,20160429,7370,AMZN,AMAZON COM INC,454113,659.59003,784958,0.111094,471828,0.011725,0.039818,0.002699
84788,20160531,7370,AMZN,AMAZON COM INC,454113,722.78998,906270,0.095817,471828,0.014354,-0.000584,0.015329
84788,20160630,7370,AMZN,AMAZON COM INC,454113,715.62000,746082,-0.009920,474000,0.002929,0.005847,0.000906
84788,20160729,7370,AMZN,AMAZON COM INC,454113,758.81000,686568,0.060353,474074,0.038849,0.049900,0.035610
84788,20160831,7370,AMZN,AMAZON COM INC,454113,769.15997,500139,0.013640,474074,0.002806,0.012873,-0.001219
84788,20160930,7370,AMZN,AMAZON COM INC,454113,837.31000,673657,0.088603,475000,0.003015,0.015368,-0.001234
84788,20161031,7370,AMZN,AMAZON COM INC,454113,789.82001,770705,-0.056717,475167,-0.021566,-0.039930,-0.019426
84788,20161130,7370,AMZN,AMAZON COM INC,454113,750.57001,1100918,-0.049695,475167,0.040543,0.050508,0.034174
84788,20161230,7370,AMZN,AMAZON COM INC,454113,749.87000,736693,-0.000933,477000,0.018772,0.015897,0.018201
84788,20170131,7370,AMZN,AMAZON COM INC,454113,823.47998,707189,0.098164,477171,0.022173,0.025937,0.017884
84788,20170228,7370,AMZN,AMAZON COM INC,454113,845.03998,717536,0.026182,477615,0.032623,0.017121,0.037198
84788,20170331,7370,AMZN,AMAZON COM INC,454113,886.53998,607266,0.049110,478000,0.002064,0.006378,-0.000389
84788,20170428,7370,AMZN,AMAZON COM INC,454113,924.98999,735435,0.043371,477975,0.009657,0.003709,0.009091
84788,20170531,7370,AMZN,AMAZON COM INC,454113,994.62000,762487,0.075276,477975,0.009335,-0.011302,0.011576
84788,20170630,7370,AMZN,AMAZON COM INC,454113,968.00000,961813,-0.026764,480000,0.009580,0.022960,0.004814
84788,20170731,7370,AMZN,AMAZON COM INC,454113,987.78003,788729,0.020434,480380,0.020294,0.009082,0.019349
84788,20170831,7370,AMZN,AMAZON COM INC,454113,980.59998,774232,-0.007269,480380,0.001593,-0.008726,0.000546
84788,20170929,7370,AMZN,AMAZON COM INC,454113,961.34998,594091,-0.019631,482000,0.023758,0.046845,0.019303
84788,20171031,7370,AMZN,AMAZON COM INC,454113,1105.28003,833449,0.149717,481872,0.019294,0.002239,0.022188
84788,20171130,7370,AMZN,AMAZON COM INC,454113,1176.75000,771775,0.064662,481872,0.027260,0.020843,0.028083
84788,20171229,7370,AMZN,AMAZON COM INC,454113,1169.46997,580139,-0.006187,481872,0.012129,0.014185,0.009832
84788,20180131,7370,AMZN,AMAZON COM INC,454113,1450.89001,964245,0.240639,484107,0.050638,0.029441,0.056179
84788,20180228,7370,AMZN,AMAZON COM INC,454113,1512.44995,1379892,0.042429,484608,-0.039481,-0.040026,-0.038947
84788,20180329,7370,AMZN,AMAZON COM INC,454113,1447.33997,1303999,-0.043049,485000,-0.018445,0.001242,-0.026885
84788,20180430,7370,AMZN,AMAZON COM INC,454113,1566.13000,1301856,0.082075,485227,0.004692,0.008169,0.002719
84788,20180531,7370,AMZN,AMAZON COM INC,454113,1629.62000,716445,0.040539,485227,0.026164,0.034593,0.021608
84788,20180629,7370,AMZN,AMAZON COM INC,454113,1699.80005,860218,0.043065,487000,0.005365,0.002790,0.004842
84788,20180731,7370,AMZN,AMAZON COM INC,454113,1777.43994,974984,0.045676,487741,0.031604,0.006837,0.036022
84788,20180831,7370,AMZN,AMAZON COM INC,454113,2012.70996,965718,0.132365,487741,0.030233,0.019201,0.030263
84788,20180928,7370,AMZN,AMAZON COM INC,454113,2003.00000,949442,-0.004824,484000,0.000425,-0.010332,0.004294
84788,20181031,7370,AMZN,AMAZON COM INC,454113,1598.01001,1833406,-0.202192,488969,-0.074045,-0.082375,-0.069403
84788,20181130,7370,AMZN,AMAZON COM INC,454113,1690.17004,1393304,0.057672,488969,0.018512,0.000656,0.017859
84788,20181231,7370,AMZN,AMAZON COM INC,454113,1501.96997,1547997,-0.111350,488969,-0.089890,-0.099321,-0.091777
84788,20190131,7370,AMZN,AMAZON COM INC,454113,1718.72998,1340426,0.144317,491203,0.088294,0.120260,0.078684
84788,20190228,7370,AMZN,AMAZON COM INC,454113,1639.82996,809418,-0.045906,491760,0.032724,0.038572,0.029729
84788,20190329,7370,AMZN,AMAZON COM INC,454113,1780.75000,1008380,0.085936,492000,0.012962,-0.003908,0.017924
84788,20190430,7370,AMZN,AMAZON COM INC,454113,1926.52002,813030,0.081859,492332,0.037893,0.020355,0.039313
84788,20190531,7370,AMZN,AMAZON COM INC,454113,1775.06995,982070,-0.078613,492332,-0.061679,-0.064571,-0.065778
84788,20190628,7370,AMZN,AMAZON COM INC,454113,1893.63000,747629,0.066792,494000,0.067279,0.049002,0.068930
84788,20190731,7370,AMZN,AMAZON COM INC,454113,1866.78003,731945,-0.014179,494656,0.011854,-0.005245,0.013128
84788,20190830,7370,AMZN,AMAZON COM INC,454113,1776.29004,799855,-0.048474,494656,-0.020339,-0.040001,-0.018092
84788,20190930,7370,AMZN,AMAZON COM INC,454113,1735.91003,619954,-0.022733,495000,0.016033,0.017681,0.017181
84788,20191031,7370,AMZN,AMAZON COM INC,454113,1776.66003,721622,0.023475,495797,0.019256,0.006291,0.020432
84788,20191129,7370,AMZN,AMAZON COM INC,454113,1800.80005,520498,0.013587,495797,0.034997,0.026601,0.034047
84788,20191231,7370,AMZN,AMAZON COM INC,454113,1847.83997,687587,0.026122,498000,0.028491,0.044379,0.028590
84788,20200131,7370,AMZN,AMAZON COM INC,454113,2008.71997,846043,0.087064,497810,-0.001728,-0.013334,-0.001628
84788,20200228,7370,AMZN,AMAZON COM INC,454113,1883.75000,923279,-0.062214,497856,-0.077918,-0.069814,-0.084110
84788,20200331,7370,AMZN,AMAZON COM INC,454110,1949.71997,1633697,0.035021,499000,-0.141733,-0.207501,-0.125119
84788,20200430,7370,AMZN,AMAZON COM INC,454110,2474.00000,1243186,0.268900,498776,0.129674,0.153868,0.126844
84788,20200529,7370,AMZN,AMAZON COM INC,454110,2442.37012,823707,-0.012785,498776,0.053739,0.064070,0.045282
84788,20200630,7370,AMZN,AMAZON COM INC,454110,2758.82007,878785,0.129567,501000,0.025299,0.057391,0.018388
84788,20200731,7370,AMZN,AMAZON COM INC,454110,3164.67993,1270621,0.147114,500890,0.055529,0.040737,0.055101
84788,20200831,7370,AMZN,AMAZON COM INC,454110,3450.95996,838575,0.090461,500890,0.068442,0.038884,0.070065
84788,20200930,7370,AMZN,AMAZON COM INC,454110,3148.72998,1155863,-0.087579,502000,-0.035056,-0.027356,-0.039228
84788,20201030,7370,AMZN,AMAZON COM INC,454110,3036.14990,1160304,-0.035754,501751,-0.020178,0.000584,-0.027666
84788,20201130,7370,AMZN,AMAZON COM INC,454110,3168.04004,906431,0.043440,501751,0.123707,0.174412,0.107546
84788,20201231,7370,AMZN,AMAZON COM INC,454110,3256.92993,772710,0.028058,503000,0.045048,0.072853,0.037121
84788,20210129,7370,AMZN,AMAZON COM INC,454110,3206.19995,714131,-0.015576,503565,-0.000631,0.073192,-0.011137
84788,20210226,7370,AMZN,AMAZON COM INC,454110,3092.92993,718570,-0.035328,503598,0.029196,0.067528,0.026091
84788,20210331,7370,AMZN,AMAZON COM INC,454110,3094.08008,779541,0.000372,504000,0.030573,0.012449,0.042439
84788,20210430,7370,AMZN,AMAZON COM INC,454110,3467.41992,766353,0.120663,504324,0.048190,0.016612,0.052425
84788,20210528,7370,AMZN,AMAZON COM INC,454110,3223.07007,749692,-0.070470,504324,0.007092,0.013179,0.005487
84788,20210630,7370,AMZN,AMAZON COM INC,454110,3440.15991,667756,0.067355,506000,0.023422,0.021482,0.022214
84788,20210730,7370,AMZN,AMAZON COM INC,454110,3327.59009,834179,-0.032722,506441,0.011828,-0.033644,0.022748
84788,20210831,7370,AMZN,AMAZON COM INC,454110,3470.79004,628759,0.043034,506441,0.027147,0.018892,0.028990
84788,20210930,7370,AMZN,AMAZON COM INC,454110,3285.04004,622419,-0.053518,507000,-0.042243,-0.028472,-0.047569
84788,20211029,7370,AMZN,AMAZON COM INC,454110,3372.42993,633204,0.026602,507148,0.064657,0.026557,0.069144
84788,20211130,7370,AMZN,AMAZON COM INC,454110,3507.07007,753202,0.039924,507148,-0.018347,-0.046540,-0.008334
84788,20211231,7370,AMZN,AMAZON COM INC,454110,3334.34009,639888,-0.049252,509000,0.033345,-0.001760,0.043613
90319,20120131,7375,GOOG,GOOGLE INC,519130,580.10999,791732,-0.101858,257961,0.054140,0.085342,0.043583
90319,20120229,7375,GOOG,GOOGLE INC,519130,618.25000,512081,0.065746,257961,0.041253,0.036494,0.040589
90319,20120330,7375,GOOG,GOOGLE INC,519130,641.23999,514975,0.037186,259502,0.024039,0.017608,0.031332
90319,20120430,7375,GOOG,GOOGLE INC,519130,604.84998,644306,-0.056749,259979,-0.006840,-0.009106,-0.007497
90319,20120531,7375,GOOG,GOOGLE INC,519130,580.85999,633737,-0.039663,259979,-0.065641,-0.068418,-0.062651
90319,20120629,7375,GOOG,GOOGLE INC,519130,580.07001,503601,-0.001360,261584,0.038181,0.034188,0.039555
90319,20120731,7375,GOOG,GOOGLE INC,519130,632.96997,557831,0.091196,261972,0.010306,-0.003281,0.012598
90319,20120831,7375,GOOG,GOOGLE INC,519130,685.09003,507522,0.082342,261972,0.026336,0.024819,0.019763
90319,20120928,7375,GOOG,GOOGLE INC,519130,754.50000,647954,0.101315,264515,0.026532,0.034925,0.024236
90319,20121031,7375,GOOG,GOOGLE INC,519130,680.29761,767865,-0.098346,264957,-0.014064,-0.013477,-0.019789
90319,20121130,7375,GOOG,GOOGLE INC,519130,698.37000,474687,0.026565,264957,0.006219,0.002790,0.002847
90319,20121231,7375,GOOG,GOOGLE INC,519130,707.38000,444030,0.012901,267448,0.012580,0.021872,0.007068
90319,20130131,7375,GOOG,GOOGLE INC,519130,755.69000,567193,0.068294,267500,0.054189,0.063509,0.050428
90319,20130228,7375,GOOG,GOOGLE INC,519130,801.20001,501759,0.060223,267500,0.008284,0.003491,0.011061
90319,20130328,7375,GOOG,GOOGLE INC,519130,794.18799,464670,-0.008752,270165,0.035320,0.031419,0.035988
90319,20130430,7375,GOOG,GOOGLE INC,519130,824.57001,581493,0.038255,271123,0.014942,0.002477,0.018086
90319,20130531,7375,GOOG,GOOGLE INC,519130,871.21802,536406,0.056573,271123,0.019155,0.023985,0.020763
90319,20130628,7375,GOOG,GOOGLE INC,519130,880.37000,522624,0.010505,273938,-0.015071,-0.013012,-0.014999
90319,20130731,7375,GOOG,GOOGLE INC,519130,887.75000,549294,0.008383,273938,0.052690,0.054898,0.049462
90319,20130830,7375,GOOG,GOOGLE INC,519130,846.90002,365980,-0.046015,273938,-0.025761,-0.017278,-0.031298
90319,20130930,7375,GOOG,GOOGLE INC,519130,875.90997,361648,0.034254,276681,0.037514,0.051828,0.029749
90319,20131031,7375,GOOG,GOOGLE INC,519130,1030.57996,605090,0.176582,276722,0.039908,0.025762,0.044596
90319,20131129,7375,GOOG,GOOGLE INC,519130,1059.58997,292384,0.028149,276722,0.024973,0.023398,0.028049
90319,20131231,7375,GOOG,GOOGLE INC,519130,1120.70996,343998,0.057683,279325,0.026159,0.025240,0.023563
90319,20140131,7375,GOOG,GOOGLE INC,519130,1180.96997,544462,0.053769,279883,-0.030047,-0.001282,-0.035583
90319,20140228,7375,GOOG,GOOGLE INC,519130,1215.65002,406458,0.029366,279883,0.046225,0.044257,0.043117
90319,20140331,7375,GOOG,GOOGLE INC,519130,1114.51001,437178,-0.083198,281557,0.004544,0.001028,0.006932
90319,20140430,7375,GOOGL,GOOGLE INC,519130,534.88000,668562,-0.041640,281668,0.001569,-0.022319,0.006201
90319,20140530,7375,GOOGL,GOOGLE INC,519130,571.65002,414818,0.068744,281668,0.020260,0.006647,0.021030
90319,20140630,7375,GOOGL,GOOGLE INC,519130,584.66998,395524,0.022776,279325,0.027991,0.039501,0.019058
90319,20140731,7375,GOOGL,GOOGLE INC,519130,579.54999,386303,-0.008757,283356,-0.020567,-0.035223,-0.015080
90319,20140829,7375,GOOGL,GOOGLE INC,519130,582.35999,291337,0.004849,283356,0.040225,0.033697,0.037655
90319,20140930,7375,GOOGL,GOOGLE INC,519130,588.40997,354659,0.010389,284674,-0.025209,-0.044988,-0.015514
90319,20141031,7375,GOOGL,GOOGLE INC,519130,567.87000,555098,-0.034908,284816,0.021174,0.014199,0.023201
90319,20141128,7375,GOOGL,GOOGLE INC,519130,549.08002,297813,-0.033089,284816,0.021114,-0.002458,0.024534
90319,20141231,7375,GOOGL,GOOGLE INC,519130,530.65997,545641,-0.033547,286560,-0.003662,-0.000189,-0.004189
90319,20150130,7375,GOOGL,GOOGLE INC,519130,537.54999,528858,0.012984,286938,-0.027207,-0.019073,-0.031041
90319,20150227,7375,GOOGL,GOOGLE INC,519130,562.63000,404272,0.046656,286938,0.055974,0.054120,0.054893
90319,20150331,7375,GOOGL,GOOGLE INC,519130,554.70001,432093,-0.014095,288198,-0.010410,-0.005112,-0.017396
90319,20150430,7375,GOOGL,GOOGLE INC,519190,548.77002,438535,-0.010690,288265,0.008776,0.015127,0.008521
90319,20150529,7375,GOOGL,GOOGLE INC,519190,545.32001,324229,-0.006287,288265,0.010290,0.003970,0.010491
90319,20150630,7375,GOOGL,GOOGLE INC,519190,540.03998,354183,-0.009682,289834,-0.019238,-0.013459,-0.021012
90319,20150731,7375,GOOGL,GOOGLE INC,519190,657.50000,685601,0.217502,289886,0.012110,-0.027130,0.019742
90319,20150831,7375,GOOGL,GOOGLE INC,519190,647.82001,553590,-0.014722,289886,-0.059982,-0.047295,-0.062581
90319,20150930,7375,GOOGL,GOOGLE INC,519190,638.37000,436385,-0.014587,291214,-0.033793,-0.049906,-0.026443
90319,20151030,7375,GOOGL,ALPHABET INC,519190,737.39001,503467,0.155114,291328,0.074006,0.052851,0.082983
90319,20151130,7375,GOOGL,ALPHABET INC,519190,762.84998,375780,0.034527,291328,0.002410,0.007326,0.000505
90319,20151231,7375,GOOGL,ALPHABET INC,519190,778.01001,437061,0.019873,292581,-0.022227,-0.035860,-0.017530
90319,20160129,7375,GOOGL,ALPHABET INC,519190,761.34998,520818,-0.021414,292581,-0.057148,-0.074934,-0.050735
90319,20160229,7375,GOOGL,ALPHABET INC,519190,717.21997,676575,-0.057963,292586,0.000613,0.005564,-0.004128
90319,20160331,7375,GOOGL,ALPHABET INC,519190,762.90002,426873,0.063690,293573,0.070554,0.078181,0.065991
90319,20160429,7375,GOOGL,ALPHABET INC,519190,707.88000,467039,-0.072120,293675,0.011725,0.039818,0.002699
90319,20160531,7375,GOOGL,ALPHABET INC,519190,748.84998,341084,0.057877,293675,0.014354,-0.000584,0.015329
90319,20160630,7375,GOOGL,ALPHABET INC,519190,703.53003,420045,-0.060519,294686,0.002929,0.005847,0.000906
90319,20160729,7375,GOOGL,ALPHABET INC,519190,791.34003,326676,0.124813,294844,0.038849,0.049900,0.035610
90319,20160831,7375,GOOGL,ALPHABET INC,519190,789.84998,288571,-0.001883,294844,0.002806,0.012873,-0.001219
90319,20160930,7375,GOOGL,ALPHABET INC,519190,804.06000,315825,0.017991,295995,0.003015,0.015368,-0.001234
90319,20161031,7375,GOOGL,ALPHABET INC,519190,809.90002,353948,0.007263,296087,-0.021566,-0.039930,-0.019426
90319,20161130,7375,GOOGL,ALPHABET INC,519190,775.88000,483544,-0.042005,296087,0.040543,0.050508,0.034174
90319,20161230,7375,GOOGL,ALPHABET INC,519190,792.45001,343572,0.021356,296992,0.018772,0.015897,0.018201
90319,20170131,7375,GOOGL,ALPHABET INC,519190,820.19000,368415,0.035005,297118,0.022173,0.025937,0.017884
90319,20170228,7375,GOOGL,ALPHABET INC,519190,844.92999,264928,0.030164,297118,0.032623,0.017121,0.037198
90319,20170331,7375,GOOGL,ALPHABET INC,519190,847.79999,345537,0.003397,297600,0.002064,0.006378,-0.000389
90319,20170428,7375,GOOGL,ALPHABET INC,519190,924.52002,287282,0.090493,297629,0.009657,0.003709,0.009091
90319,20170531,7375,GOOGL,ALPHABET INC,519190,987.09003,353735,0.067678,297629,0.009335,-0.011302,0.011576
90319,20170630,7375,GOOGL,ALPHABET INC,519190,929.67999,441852,-0.058161,298043,0.009580,0.022960,0.004814
90319,20170731,7375,GOOGL,ALPHABET INC,519190,945.50000,419271,0.017017,298045,0.020294,0.009082,0.019349
90319,20170831,7375,GOOGL,ALPHABET INC,519190,955.23999,328221,0.010301,298045,0.001593,-0.008726,0.000546
90319,20170929,7375,GOOGL,ALPHABET INC,519190,973.71997,296419,0.019346,298263,0.023758,0.046845,0.019303
90319,20171031,7375,GOOGL,ALPHABET INC,519190,1033.04004,369584,0.060921,298279,0.019294,0.002239,0.022188
90319,20171130,7375,GOOGL,ALPHABET INC,519190,1036.17004,287895,0.003030,298279,0.027260,0.020843,0.028083
90319,20171229,7375,GOOGL,ALPHABET INC,519190,1053.40002,299654,0.016629,298470,0.012129,0.014185,0.009832
90319,20180131,7375,GOOGL,ALPHABET INC,519190,1182.21997,329908,0.122290,298493,0.050638,0.029441,0.056179
90319,20180228,7375,GOOGL,ALPHABET INC,334419,1103.92004,513424,-0.066231,298493,-0.039481,-0.040026,-0.038947
90319,20180329,7375,GOOGL,ALPHABET INC,334419,1037.14001,521337,-0.060494,298652,-0.018445,0.001242,-0.026885
90319,20180430,7375,GOOGL,ALPHABET INC,334419,1018.58002,492690,-0.017895,298656,0.004692,0.008169,0.002719
90319,20180531,7375,GOOGL,ALPHABET INC,334419,1100.00000,370604,0.079935,298656,0.026164,0.034593,0.021608
90319,20180629,7375,GOOGL,ALPHABET INC,334419,1129.18994,402103,0.026536,298895,0.005365,0.002790,0.004842
90319,20180731,7375,GOOGL,ALPHABET INC,334419,1227.21997,417343,0.086814,298914,0.031604,0.006837,0.036022
90319,20180831,7375,GOOGL,ALPHABET INC,334419,1231.80005,343016,0.003732,298914,0.030233,0.019201,0.030263
90319,20180928,7375,GOOGL,ALPHABET INC,334419,1207.07996,359429,-0.020068,298470,0.000425,-0.010332,0.004294
90319,20181031,7375,GOOGL,ALPHABET INC,334419,1090.57996,565498,-0.096514,298971,-0.074045,-0.082375,-0.069403
90319,20181130,7375,GOOGL,ALPHABET INC,334419,1109.65002,393021,0.017486,298971,0.018512,0.000656,0.017859
90319,20181231,7375,GOOGL,ALPHABET INC,334419,1044.95996,428670,-0.058298,299242,-0.089890,-0.099321,-0.091777
90319,20190131,7375,GOOGL,ALPHABET INC,334419,1125.89001,348575,0.077448,299360,0.088294,0.120260,0.078684
90319,20190228,7375,GOOGL,ALPHABET INC,334419,1126.55005,327177,0.000586,299360,0.032724,0.038572,0.029729
90319,20190329,7375,GOOGL,ALPHABET INC,334419,1176.89001,331840,0.044685,299444,0.012962,-0.003908,0.017924
90319,20190430,7375,GOOGL,ALPHABET INC,334419,1198.95996,323732,0.018753,299436,0.037893,0.020355,0.039313
90319,20190531,7375,GOOGL,ALPHABET INC,334419,1106.50000,371283,-0.077117,299436,-0.061679,-0.064571,-0.065778
90319,20190628,7375,GOOGL,ALPHABET INC,334419,1082.80005,356680,-0.021419,299520,0.067279,0.049002,0.068930
90319,20190731,7375,GOOGL,ALPHABET INC,334419,1218.19995,357697,0.125046,299532,0.011854,-0.005245,0.013128
90319,20190830,7375,GOOGL,ALPHABET INC,334419,1190.53003,293308,-0.022714,299532,-0.020339,-0.040001,-0.018092
90319,20190930,7375,GOOGL,ALPHABET INC,334419,1221.14001,262539,0.025711,299624,0.016033,0.017681,0.017181
90319,20191031,7375,GOOGL,ALPHABET INC,334419,1258.80005,311580,0.030840,299628,0.019256,0.006291,0.020432
90319,20191129,7375,GOOGL,ALPHABET INC,334419,1304.08997,263499,0.035979,299628,0.034997,0.026601,0.034047
90319,20191231,7375,GOOGL,ALPHABET INC,334419,1339.39001,283058,0.027069,299828,0.028491,0.044379,0.028590
90319,20200131,7375,GOOGL,ALPHABET INC,334419,1432.78003,335885,0.069726,299895,-0.001728,-0.013334,-0.001628
90319,20200228,7375,GOOGL,ALPHABET INC,334419,1339.25000,416597,-0.065279,299895,-0.077918,-0.069814,-0.084110
90319,20200331,7375,GOOGL,ALPHABET INC,334419,1161.94995,784324,-0.132388,300047,-0.141733,-0.207501,-0.125119
90319,20200430,7375,GOOGL,ALPHABET INC,334419,1346.69995,563778,0.159000,300050,0.129674,0.153868,0.126844
90319,20200529,7375,GOOGL,ALPHABET INC,334419,1433.52002,361684,0.064469,300050,0.053739,0.064070,0.045282
90319,20200630,7375,GOOGL,ALPHABET INC,334419,1418.05005,405959,-0.010792,300221,0.025299,0.057391,0.018388
90319,20200731,7375,GOOGL,ALPHABET INC,334419,1487.94995,409886,0.049293,300471,0.055529,0.040737,0.055101
90319,20200831,7375,GOOGL,ALPHABET INC,334419,1629.53003,306406,0.095151,300471,0.068442,0.038884,0.070065
90319,20200930,7375,GOOGL,ALPHABET INC,334419,1465.59998,416544,-0.100600,300641,-0.035056,-0.027356,-0.039228
90319,20201030,7375,GOOGL,ALPHABET INC,334419,1616.10999,425682,0.102695,300644,-0.020178,0.000584,-0.027666
90319,20201130,7375,GOOGL,ALPHABET INC,334419,1754.40002,314723,0.085570,300644,0.123707,0.174412,0.107546
90319,20201231,7375,GOOGL,ALPHABET INC,334419,1752.64001,303128,-0.001003,300730,0.045048,0.072853,0.037121
90319,20210129,7375,GOOGL,ALPHABET INC,334419,1827.35999,393971,0.042633,300737,-0.000631,0.073192,-0.011137
90319,20210226,7375,GOOGL,ALPHABET INC,334419,2021.91003,337682,0.106465,300737,0.029196,0.067528,0.026091
90319,20210331,7375,GOOGL,ALPHABET INC,334419,2062.52002,376452,0.020085,300747,0.030573,0.012449,0.042439
90319,20210430,7375,GOOGL,ALPHABET INC,334419,2353.50000,349682,0.141080,300747,0.048190,0.016612,0.052425
90319,20210528,7375,GOOGL,ALPHABET INC,334419,2356.85010,300485,0.001423,300747,0.007092,0.013179,0.005487
90319,20210630,7375,GOOGL,ALPHABET INC,334419,2441.79004,271402,0.036040,301040,0.023422,0.021482,0.022214
90319,20210730,7375,GOOGL,ALPHABET INC,334419,2694.53003,303813,0.103506,301085,0.011828,-0.033644,0.022748
90319,20210831,7375,GOOGL,ALPHABET INC,334419,2893.94995,229593,0.074009,301085,0.027147,0.018892,0.028990
90319,20210930,7375,GOOGL,ALPHABET INC,334419,2673.52002,294335,-0.076169,300801,-0.042243,-0.028472,-0.047569
90319,20211029,7375,GOOGL,ALPHABET INC,334419,2960.91992,358389,0.107499,300810,0.064657,0.026557,0.069144
90319,20211130,7375,GOOGL,ALPHABET INC,334419,2837.94995,302354,-0.041531,300810,-0.018347,-0.046540,-0.008334
90319,20211231,7375,GOOGL,ALPHABET INC,334419,2897.04004,308614,0.020821,300737,0.033345,-0.001760,0.043613
91704,20120131,6726,TLH,ISHARES TRUST,525990,133.69000,14783,0.005717,3700,0.054140,0.085342,0.043583
91704,20120229,6726,TLH,ISHARES TRUST,525990,131.45000,13357,-0.014613,3900,0.041253,0.036494,0.040589
91704,20120330,6726,TLH,ISHARES TRUST,525990,127.76000,21000,-0.026081,3300,0.024039,0.017608,0.031332
91704,20120430,6726,TLH,ISHARES TRUST,525990,132.03000,7763,0.035594,3400,-0.006840,-0.009106,-0.007497
91704,20120531,6726,TLH,ISHARES TRUST,525990,138.25000,15073,0.049088,3800,-0.065641,-0.068418,-0.062651
91704,20120629,6726,TLH,ISHARES TRUST,525990,136.63000,17823,-0.009787,4500,0.038181,0.034188,0.039555
91704,20120731,6726,TLH,ISHARES TRUST,525990,139.31000,22933,0.021397,3900,0.010306,-0.003281,0.012598
91704,20120831,6726,TLH,ISHARES TRUST,525990,138.35001,15739,-0.005158,5100,0.026336,0.024819,0.019763
91704,20120928,6726,TLH,ISHARES TRUST,525990,136.74001,13217,-0.010003,4600,0.026532,0.034925,0.024236
91704,20121031,6726,TLH,ISHARES TRUST,525990,136.07001,11683,-0.003218,4400,-0.014064,-0.013477,-0.019789
91704,20121130,6726,TLH,ISHARES TRUST,525990,137.64999,9122,0.013377,4600,0.006219,0.002790,0.002847
91704,20121231,6726,TLH,ISHARES TRUST,525990,134.86000,8641,-0.016950,4500,0.012580,0.021872,0.007068
91704,20130131,6726,TLH,ISHARES TRUST,525990,132.17000,22798,-0.019947,4900,0.054189,0.063509,0.050428
91704,20130228,6726,TLH,ISHARES TRUST,525990,133.50000,26087,0.011773,3200,0.008284,0.003491,0.011061
91704,20130328,6726,TLH,ISHARES TRUST,525990,133.75000,6865,0.003724,3100,0.035320,0.031419,0.035988
91704,20130430,6726,TLH,ISHARES TRUST,525990,136.81000,22964,0.024728,4400,0.014942,0.002477,0.018086
91704,20130531,6726,TLH,ISHARES TRUST,525990,130.66000,23664,-0.043339,3000,0.019155,0.023985,0.020763
91704,20130628,6726,TLH,ISHARES TRUST,525990,126.55000,9546,-0.029615,2800,-0.015071,-0.013012,-0.014999
91704,20130731,6726,TLH,ISHARES TRUST,525990,125.13000,5895,-0.009310,2600,0.052690,0.054898,0.049462
91704,20130830,6726,TLH,ISHARES TRUST,525990,123.67000,8088,-0.009677,2300,-0.025761,-0.017278,-0.031298
91704,20130930,6726,TLH,ISHARES TRUST,525990,125.19000,5886,0.014312,2200,0.037514,0.051828,0.029749
91704,20131031,6726,TLH,ISHARES TRUST,525990,126.22000,4210,0.010112,2200,0.039908,0.025762,0.044596
91704,20131129,6726,TLH,ISHARES TRUST,525990,123.69240,6178,-0.018059,1800,0.024973,0.023398,0.028049
91704,20131231,6726,TLH,ISHARES TRUST,525990,120.92000,4217,-0.018326,1800,0.026159,0.025240,0.023563
91704,20140131,6726,TLH,ISHARES TRUST,525990,125.86000,3758,0.040853,1800,-0.030047,-0.001282,-0.035583
91704,20140228,6726,TLH,ISHARES TRUST,525990,126.29000,7502,0.005326,1900,0.046225,0.044257,0.043117
91704,20140331,6726,TLH,ISHARES TRUST,525990,126.12000,10865,0.000371,1900,0.004544,0.001028,0.006932
91704,20140430,6726,TLH,ISHARES TRUST,525990,127.31000,7136,0.011295,2300,0.001569,-0.022319,0.006201
91704,20140530,6726,TLH,ISHARES TRUST,525990,129.84000,14574,0.021716,2200,0.020260,0.006647,0.021030
91704,20140630,6726,TLH,ISHARES TRUST,525990,129.22000,6511,-0.002848,2300,0.027991,0.039501,0.019058
91704,20140731,6726,TLH,ISHARES TRUST,525990,129.06000,4651,0.000635,2200,-0.020567,-0.035223,-0.015080
91704,20140829,6726,TLH,ISHARES TRUST,525990,132.24001,4122,0.026617,2400,0.040225,0.033697,0.037655
91704,20140930,6726,TLH,ISHARES TRUST,525990,130.28000,6230,-0.012997,2400,-0.025209,-0.044988,-0.015514
91704,20141031,6726,TLH,ISHARES TRUST,525990,132.38000,18863,0.017967,2500,0.021174,0.014199,0.023201
91704,20141128,6726,TLH,ISHARES TRUST,525990,133.75000,9583,0.012124,2700,0.021114,-0.002458,0.024534
91704,20141231,6726,TLH,ISHARES TRUST,525990,135.17000,12291,0.014190,2700,-0.003662,-0.000189,-0.004189
91704,20150130,6726,TLH,ISHARES TRUST,525990,141.86000,9995,0.049493,3100,-0.027207,-0.019073,-0.031041
91704,20150227,6726,TLH,ISHARES TRUST,525990,137.53999,10597,-0.028759,3300,0.055974,0.054120,0.054893
91704,20150331,6726,TLH,ISHARES TRUST,525990,138.57001,11153,0.009093,3100,-0.010410,-0.005112,-0.017396
91704,20150430,6726,TLH,ISHARES TRUST,525990,136.81000,6274,-0.010968,3100,0.008776,0.015127,0.008521
91704,20150529,6726,TLH,ISHARES TRUST,525990,135.86740,15843,-0.005144,3400,0.010290,0.003970,0.010491
91704,20150630,6726,TLH,ISHARES TRUST,525990,132.92000,15285,-0.019889,3000,-0.019238,-0.013459,-0.021012
91704,20150731,6726,TLH,ISHARES TRUST,525990,135.99001,7317,0.024932,2900,0.012110,-0.027130,0.019742
91704,20150831,6726,TLH,ISHARES TRUST,525990,135.02000,14542,-0.005344,3300,-0.059982,-0.047295,-0.062581
91704,20150930,6726,TLH,ISHARES TRUST,525990,137.25999,13756,0.018294,3700,-0.033793,-0.049906,-0.026443
91704,20151030,6726,TLH,ISHARES TRUST,525990,135.95599,9339,-0.007780,4000,0.074006,0.052851,0.082983
91704,20151130,6726,TLH,ISHARES TRUST,525990,135.17999,9942,-0.003936,3600,0.002410,0.007326,0.000505
91704,20151231,6726,TLH,ISHARES TRUST,525990,134.21001,8111,-0.003604,3300,-0.022227,-0.035860,-0.017530
91704,20160129,6726,TLH,ISHARES TRUST,525990,139.17999,21813,0.037031,4400,-0.057148,-0.074934,-0.050735
91704,20160229,6726,TLH,ISHARES TRUST,525990,141.53999,29469,0.018543,6200,0.000613,0.005564,-0.004128
91704,20160331,6726,TLH,ISHARES TRUST,525990,141.52000,19535,0.001291,5900,0.070554,0.078181,0.065991
91704,20160429,6726,TLH,ISHARES TRUST,525990,140.77000,28507,-0.003760,5900,0.011725,0.039818,0.002699
91704,20160531,6726,TLH,ISHARES TRUST,525990,140.95000,15531,0.002903,5800,0.014354,-0.000584,0.015329
91704,20160630,6726,TLH,ISHARES TRUST,525990,146.60001,61975,0.041767,7700,0.002929,0.005847,0.000906
91704,20160729,6726,TLH,ISHARES TRUST,525990,147.34000,35120,0.006565,5800,0.038849,0.049900,0.035610
91704,20160831,6726,TLH,ISHARES TRUST,525990,145.48000,14134,-0.011181,5300,0.002806,0.012873,-0.001219
91704,20160930,6726,TLH,ISHARES TRUST,525990,144.82001,12514,-0.003153,5200,0.003015,0.015368,-0.001234
91704,20161031,6726,TLH,ISHARES TRUST,525990,141.33000,6404,-0.022760,5100,-0.021566,-0.039930,-0.019426
91704,20161130,6726,TLH,ISHARES TRUST,525990,133.73000,22908,-0.052376,4200,0.040543,0.050508,0.034174
91704,20161230,6726,TLH,ISHARES TRUST,525990,132.92999,15778,-0.002990,3700,0.018772,0.015897,0.018201
91704,20170131,6726,TLH,ISHARES TRUST,525990,133.53999,9345,0.004589,3600,0.022173,0.025937,0.017884
91704,20170228,6726,TLH,ISHARES TRUST,525990,134.80000,9634,0.010929,4000,0.032623,0.017121,0.037198
91704,20170331,6726,TLH,ISHARES TRUST,525990,134.41000,9248,-0.001553,3900,0.002064,0.006378,-0.000389
91704,20170428,6726,TLH,ISHARES TRUST,525990,135.95000,6605,0.012935,3900,0.009657,0.003709,0.009091
91704,20170531,6726,TLH,ISHARES TRUST,525990,137.02000,6981,0.009387,3700,0.009335,-0.011302,0.011576
91704,20170630,6726,TLH,ISHARES TRUST,525990,136.39999,5593,-0.003018,3500,0.009580,0.022960,0.004814
91704,20170731,6726,TLH,ISHARES TRUST,525990,136.33000,6928,0.000993,3700,0.020294,0.009082,0.019349
91704,20170831,6726,TLH,ISHARES TRUST,525990,138.97000,4956,0.020913,3800,0.001593,-0.008726,0.000546
91704,20170929,6726,TLH,ISHARES TRUST,525990,136.42999,12603,-0.016757,4500,0.023758,0.046845,0.019303
91704,20171031,6726,TLH,ISHARES TRUST,525990,136.10001,12619,-0.000897,3900,0.019294,0.002239,0.022188
91704,20171130,6726,TLH,ISHARES TRUST,525990,135.67999,15469,-0.001477,3700,0.027260,0.020843,0.028083
91704,20171229,6726,TLH,ISHARES TRUST,525990,136.00999,5723,0.005743,3600,0.012129,0.014185,0.009832
91704,20180131,6726,TLH,ISHARES TRUST,525990,132.47000,7066,-0.026027,3700,0.050638,0.029441,0.056179
91704,20180228,6726,TLH,ISHARES TRUST,525990,130.19000,15252,-0.015628,3900,-0.039481,-0.040026,-0.038947
91704,20180329,6726,TLH,ISHARES TRUST,525990,132.28000,7765,0.017590,4000,-0.018445,0.001242,-0.026885
91704,20180430,6726,TLH,ISHARES TRUST,525990,129.95000,5768,-0.016026,4100,0.004692,0.008169,0.002719
91704,20180531,6726,TLH,ISHARES TRUST,525990,131.27000,14789,0.011933,4400,0.026164,0.034593,0.021608
91704,20180629,6726,TLH,ISHARES TRUST,525990,131.37000,7438,0.002704,4500,0.005365,0.002790,0.004842
91704,20180731,6726,TLH,ISHARES TRUST,525990,129.96001,6497,-0.008834,4400,0.031604,0.006837,0.036022
91704,20180831,6726,TLH,ISHARES TRUST,525990,131.24001,6448,0.011828,4500,0.030233,0.019201,0.030263
91704,20180928,6726,TLH,ISHARES TRUST,525990,128.57001,6174,-0.018383,4600,0.000425,-0.010332,0.004294
91704,20181031,6726,TLH,ISHARES TRUST,525990,126.93000,18651,-0.010807,5200,-0.074045,-0.082375,-0.069403
91704,20181130,6726,TLH,ISHARES TRUST,525990,128.75999,7706,0.016544,5200,0.018512,0.000656,0.017859
91704,20181231,6726,TLH,ISHARES TRUST,525990,133.50999,31574,0.040800,6800,-0.089890,-0.099321,-0.091777
91704,20190131,6726,TLH,ISHARES TRUST,525990,134.10001,25679,0.004419,6700,0.088294,0.120260,0.078684
91704,20190228,6726,TLH,ISHARES TRUST,525990,132.75000,11563,-0.007993,7000,0.032724,0.038572,0.029729
91704,20190329,6726,TLH,ISHARES TRUST,525990,137.64000,14773,0.038784,7100,0.012962,-0.003908,0.017924
91704,20190430,6726,TLH,ISHARES TRUST,525990,135.73000,19432,-0.011817,7300,0.037893,0.020355,0.039313
91704,20190531,6726,TLH,ISHARES TRUST,525990,141.72000,15803,0.046190,7700,-0.061679,-0.064571,-0.065778
91704,20190628,6726,TLH,ISHARES TRUST,525990,143.12000,33525,0.011898,7900,0.067279,0.049002,0.068930
91704,20190731,6726,TLH,ISHARES TRUST,525990,143.27000,20841,0.003053,7300,0.011854,-0.005245,0.013128
91704,20190830,6726,TLH,ISHARES TRUST,525990,152.50000,25186,0.066376,7300,-0.020339,-0.040001,-0.018092
91704,20190930,6726,TLH,ISHARES TRUST,525990,149.48000,32578,-0.018001,7800,0.016033,0.017681,0.017181
91704,20191031,6726,TLH,ISHARES TRUST,525990,148.49001,47121,-0.004886,8400,0.019256,0.006291,0.020432
91704,20191129,6726,TLH,ISHARES TRUST,525990,147.09500,29707,-0.007650,7100,0.034997,0.026601,0.034047
91704,20191231,6726,TLH,ISHARES TRUST,525990,143.61000,17271,-0.019813,6700,0.028491,0.044379,0.028590
91704,20200131,6726,TLH,ISHARES TRUST,525990,151.86000,20943,0.057447,6600,-0.001728,-0.013334,-0.001628
91704,20200228,6726,TLH,ISHARES TRUST,525990,158.88000,19787,0.047863,6800,-0.077918,-0.069814,-0.084110
91704,20200331,6726,TLH,ISHARES TRUST,525990,167.61301,73196,0.056388,6500,-0.141733,-0.207501,-0.125119
91704,20200430,6726,TLH,ISHARES TRUST,525990,168.16000,29037,0.004589,6900,0.129674,0.153868,0.126844
91704,20200529,6726,TLH,ISHARES TRUST,525990,167.24001,19559,-0.004309,6500,0.053739,0.064070,0.045282
91704,20200630,6726,TLH,ISHARES TRUST,525990,167.35001,42549,0.001797,7600,0.025299,0.057391,0.018388
91704,20200731,6726,TLH,ISHARES TRUST,525990,171.85001,18856,0.027964,7600,0.055529,0.040737,0.055101
91704,20200831,6726,TLH,ISHARES TRUST,525990,165.39999,37140,-0.036519,7700,0.068442,0.038884,0.070065
91704,20200930,6726,TLH,ISHARES TRUST,525990,166.49001,35491,0.007619,7800,-0.035056,-0.027356,-0.039228
91704,20201030,6726,TLH,ISHARES TRUST,525990,161.66000,73064,-0.028057,10000,-0.020178,0.000584,-0.027666
91704,20201130,6726,TLH,ISHARES TRUST,525990,163.22000,47906,0.010579,9100,0.123707,0.174412,0.107546
91704,20201231,6726,TLH,ISHARES TRUST,525990,159.22000,52090,-0.010429,9200,0.045048,0.072853,0.037121
91704,20210129,6726,TLH,ISHARES TRUST,525990,154.49001,54272,-0.029707,9300,-0.000631,0.073192,-0.011137
91704,20210226,6726,TLH,ISHARES TRUST,525990,146.22000,57100,-0.052523,8100,0.029196,0.067528,0.026091
91704,20210331,6726,TLH,ISHARES TRUST,525990,140.16000,21799,-0.040463,7800,0.030573,0.012449,0.042439
91704,20210430,6726,TLH,ISHARES TRUST,525990,142.69000,16995,0.019176,8000,0.048190,0.016612,0.052425
91704,20210528,6726,TLH,ISHARES TRUST,525990,142.60001,25969,0.000579,6500,0.007092,0.013179,0.005487
91704,20210630,6726,TLH,ISHARES TRUST,525990,146.95000,9461,0.031800,6100,0.023422,0.021482,0.022214
91704,20210730,6726,TLH,ISHARES TRUST,525990,151.64999,33173,0.033272,8100,0.011828,-0.033644,0.022748
91704,20210831,6726,TLH,ISHARES TRUST,525990,151.13000,39257,-0.002136,10200,0.027147,0.018892,0.028990
91704,20210930,6726,TLH,ISHARES TRUST,525990,147.07001,15732,-0.025530,10300,-0.042243,-0.028472,-0.047569
91704,20211029,6726,TLH,ISHARES TRUST,525990,147.82001,14645,0.006450,10300,0.064657,0.026557,0.069144
91704,20211130,6726,TLH,ISHARES TRUST,525990,150.81000,16018,0.021635,10100,-0.018347,-0.046540,-0.008334
91704,20211231,6726,TLH,ISHARES TRUST,525990,148.39999,15581,-0.013218,10300,0.033345,-0.001760,0.043613
93436,20120131,9999,TSLA,TESLA MOTORS INC,336111,29.07000,261418,0.017857,104604,0.054140,0.085342,0.043583
93436,20120229,9999,TSLA,TESLA MOTORS INC,336111,33.41000,236238,0.149295,104604,0.041253,0.036494,0.040589
93436,20120330,9999,TSLA,TESLA MOTORS INC,336111,37.24000,226538,0.114636,105165,0.024039,0.017608,0.031332
93436,20120430,9999,TSLA,TESLA MOTORS INC,336111,33.13000,232773,-0.110365,105214,-0.006840,-0.009106,-0.007497
93436,20120531,9999,TSLA,TESLA MOTORS INC,336111,29.50000,348464,-0.109568,105214,-0.065641,-0.068418,-0.062651
93436,20120629,9999,TSLA,TESLA MOTORS INC,336111,31.29000,265393,0.060678,105323,0.038181,0.034188,0.039555
93436,20120731,9999,TSLA,TESLA MOTORS INC,336111,27.42000,328992,-0.123682,105432,0.010306,-0.003281,0.012598
93436,20120831,9999,TSLA,TESLA MOTORS INC,336111,28.52000,247781,0.040117,105432,0.026336,0.024819,0.019763
93436,20120928,9999,TSLA,TESLA MOTORS INC,336111,29.28000,335868,0.026648,105772,0.026532,0.034925,0.024236
93436,20121031,9999,TSLA,TESLA MOTORS INC,336111,28.13140,178360,-0.039228,113779,-0.014064,-0.013477,-0.019789
93436,20121130,9999,TSLA,TESLA MOTORS INC,336111,33.82000,224326,0.202215,113779,0.006219,0.002790,0.002847
93436,20121231,9999,TSLA,TESLA MOTORS INC,336111,33.87000,217520,0.001478,114214,0.012580,0.021872,0.007068
93436,20130131,9999,TSLA,TESLA MOTORS INC,336111,37.51000,284657,0.107470,114518,0.054189,0.063509,0.050428
93436,20130228,9999,TSLA,TESLA MOTORS INC,336111,34.83000,444114,-0.071448,114518,0.008284,0.003491,0.011061
93436,20130328,9999,TSLA,TESLA MOTORS INC,336111,37.89000,301808,0.087855,115161,0.035320,0.031419,0.035988
93436,20130430,9999,TSLA,TESLA MOTORS INC,336111,53.99000,827756,0.424914,115553,0.014942,0.002477,0.018086
93436,20130531,9999,TSLA,TESLA MOTORS INC,336111,97.76000,3355943,0.810706,115553,0.019155,0.023985,0.020763
93436,20130628,9999,TSLA,TESLA MOTORS INC,336111,107.36000,1819354,0.098200,121430,-0.015071,-0.013012,-0.014999
93436,20130731,9999,TSLA,TESLA MOTORS INC,336111,134.28000,2336295,0.250745,121450,0.052690,0.054898,0.049462
93436,20130830,9999,TSLA,TESLA MOTORS INC,336111,169.00000,2644640,0.258564,121450,-0.025761,-0.017278,-0.031298
93436,20130930,9999,TSLA,TESLA MOTORS INC,336111,193.37000,1754400,0.144201,122566,0.037514,0.051828,0.029749
93436,20131031,9999,TSLA,TESLA MOTORS INC,336111,159.94000,2651454,-0.172881,122594,0.039908,0.025762,0.044596
93436,20131129,9999,TSLA,TESLA MOTORS INC,336111,127.28000,3152008,-0.204202,122594,0.024973,0.023398,0.028049
93436,20131231,9999,TSLA,TESLA MOTORS INC,336111,150.42900,1984570,0.181875,123091,0.026159,0.025240,0.023563
93436,20140131,9999,TSLA,TESLA MOTORS INC,336111,181.41000,1836446,0.205951,123192,-0.030047,-0.001282,-0.035583
93436,20140228,9999,TSLA,TESLA MOTORS INC,336111,244.81000,2269557,0.349485,123192,0.046225,0.044257,0.043117
93436,20140331,9999,TSLA,TESLA MOTORS INC,336111,208.45000,1668698,-0.148523,124041,0.004544,0.001028,0.006932
93436,20140430,9999,TSLA,TESLA MOTORS INC,336111,207.89000,1652950,-0.002686,124090,0.001569,-0.022319,0.006201
93436,20140530,9999,TSLA,TESLA MOTORS INC,336111,207.77000,1353228,-0.000577,124090,0.020260,0.006647,0.021030
93436,20140630,9999,TSLA,TESLA MOTORS INC,336111,240.06000,1235014,0.155412,124588,0.027991,0.039501,0.019058
93436,20140731,9999,TSLA,TESLA MOTORS INC,336111,223.30000,1080588,-0.069816,124630,-0.020567,-0.035223,-0.015080
93436,20140829,9999,TSLA,TESLA MOTORS INC,336111,269.70001,1149281,0.207792,124630,0.040225,0.033697,0.037655
93436,20140930,9999,TSLA,TESLA MOTORS INC,336111,242.67999,1329469,-0.100185,125366,-0.025209,-0.044988,-0.015514
93436,20141031,9999,TSLA,TESLA MOTORS INC,336111,241.70000,1521398,-0.004038,125382,0.021174,0.014199,0.023201
93436,20141128,9999,TSLA,TESLA MOTORS INC,336111,244.52000,1077170,0.011667,125382,0.021114,-0.002458,0.024534
93436,20141231,9999,TSLA,TESLA MOTORS INC,336111,222.41000,1271222,-0.090422,125688,-0.003662,-0.000189,-0.004189
93436,20150130,9999,TSLA,TESLA MOTORS INC,336111,203.60001,903618,-0.084574,125763,-0.027207,-0.019073,-0.031041
93436,20150227,9999,TSLA,TESLA MOTORS INC,336111,203.34000,1067279,-0.001277,125763,0.055974,0.054120,0.054893
93436,20150331,9999,TSLA,TESLA MOTORS INC,336111,188.77000,1229766,-0.071653,126362,-0.010410,-0.005112,-0.017396
93436,20150430,9999,TSLA,TESLA MOTORS INC,336111,226.05000,989382,0.197489,126404,0.008776,0.015127,0.008521
93436,20150529,9999,TSLA,TESLA MOTORS INC,336111,250.80000,891151,0.109489,126404,0.010290,0.003970,0.010491
93436,20150630,9999,TSLA,TESLA MOTORS INC,336111,268.26001,654816,0.069617,127101,-0.019238,-0.013459,-0.021012
93436,20150731,9999,TSLA,TESLA MOTORS INC,336111,266.14999,800688,-0.007866,127142,0.012110,-0.027130,0.019742
93436,20150831,9999,TSLA,TESLA MOTORS INC,336111,249.06000,1152837,-0.064212,129837,-0.059982,-0.047295,-0.062581
93436,20150930,9999,TSLA,TESLA MOTORS INC,336111,248.39999,803404,-0.002650,130901,-0.033793,-0.049906,-0.026443
93436,20151030,9999,TSLA,TESLA MOTORS INC,336111,206.92999,1008628,-0.166948,130951,0.074006,0.052851,0.082983
93436,20151130,9999,TSLA,TESLA MOTORS INC,336111,230.25999,786080,0.112743,130951,0.002410,0.007326,0.000505
93436,20151231,9999,TSLA,TESLA MOTORS INC,336111,240.00999,598469,0.042343,131425,-0.022227,-0.035860,-0.017530
93436,20160129,9999,TSLA,TESLA MOTORS INC,336111,191.20000,794122,-0.203367,132056,-0.057148,-0.074934,-0.050735
93436,20160229,9999,TSLA,TESLA MOTORS INC,336111,191.92999,1337311,0.003818,132056,0.000613,0.005564,-0.004128
93436,20160331,9999,TSLA,TESLA MOTORS INC,336111,229.77000,1029597,0.197155,133858,0.070554,0.078181,0.065991
93436,20160429,9999,TSLA,TESLA MOTORS INC,336111,240.75999,1355210,0.047830,133945,0.011725,0.039818,0.002699
93436,20160531,9999,TSLA,TESLA MOTORS INC,336111,223.23000,1033095,-0.072811,147543,0.014354,-0.000584,0.015329
93436,20160630,9999,TSLA,TESLA MOTORS INC,336111,212.28000,1217461,-0.049053,148015,0.002929,0.005847,0.000906
93436,20160729,9999,TSLA,TESLA MOTORS INC,336111,234.78999,742092,0.106039,148693,0.038849,0.049900,0.035610
93436,20160831,9999,TSLA,TESLA MOTORS INC,336111,212.00999,622504,-0.097023,149239,0.002806,0.012873,-0.001219
93436,20160930,9999,TSLA,TESLA MOTORS INC,336111,204.03000,707217,-0.037640,149825,0.003015,0.015368,-0.001234
93436,20161031,9999,TSLA,TESLA MOTORS INC,336111,197.73000,922365,-0.030878,149891,-0.021566,-0.039930,-0.019426
93436,20161130,9999,TSLA,TESLA MOTORS INC,336111,189.39999,988496,-0.042128,149964,0.040543,0.050508,0.034174
93436,20161230,9999,TSLA,TESLA MOTORS INC,336111,213.69000,879924,0.128247,161561,0.018772,0.015897,0.018201
93436,20170131,9999,TSLA,TESLA MOTORS INC,336111,251.92999,1008133,0.178951,161670,0.022173,0.025937,0.017884
93436,20170228,9999,TSLA,TESLA INC,336111,249.99001,1195495,-0.007701,161670,0.032623,0.017121,0.037198
93436,20170331,9999,TSLA,TESLA INC,336111,278.29999,1070387,0.113244,164164,0.002064,0.006378,-0.000389
93436,20170428,9999,TSLA,TESLA INC,336111,314.07001,1170001,0.128530,164260,0.009657,0.003709,0.009091
93436,20170531,9999,TSLA,TESLA INC,336111,341.01001,1481990,0.085777,164260,0.009335,-0.011302,0.011576
93436,20170630,9999,TSLA,TESLA INC,336111,361.60999,1859796,0.060409,166863,0.009580,0.022960,0.004814
93436,20170731,9999,TSLA,TESLA INC,336111,323.47000,1816705,-0.105473,166887,0.020294,0.009082,0.019349
93436,20170831,9999,TSLA,TESLA INC,336111,355.89999,1369905,0.100257,166887,0.001593,-0.008726,0.000546
93436,20170929,9999,TSLA,TESLA INC,336111,341.10001,1115125,-0.041585,168017,0.023758,0.046845,0.019303
93436,20171031,9999,TSLA,TESLA INC,336111,331.53000,1230312,-0.028056,168067,0.019294,0.002239,0.022188
93436,20171130,9999,TSLA,TESLA INC,336111,308.85001,1488451,-0.068410,168067,0.027260,0.020843,0.028083
93436,20171229,9999,TSLA,TESLA INC,336111,311.35001,1099476,0.008095,168797,0.012129,0.014185,0.009832
93436,20180131,9999,TSLA,TESLA INC,336111,354.31000,1243079,0.137980,168797,0.050638,0.029441,0.056179
93436,20180228,9999,TSLA,TESLA INC,336111,343.06000,1091960,-0.031752,168920,-0.039481,-0.040026,-0.038947
93436,20180329,9999,TSLA,TESLA INC,336111,266.13000,1572578,-0.224246,169750,-0.018445,0.001242,-0.026885
93436,20180430,9999,TSLA,TESLA INC,336111,293.89999,1906004,0.104347,169794,0.004692,0.008169,0.002719
93436,20180531,9999,TSLA,TESLA INC,336111,284.73001,1555774,-0.031201,169794,0.026164,0.034593,0.021608
93436,20180629,9999,TSLA,TESLA INC,336111,342.95001,2136042,0.204474,170516,0.005365,0.002790,0.004842
93436,20180731,9999,TSLA,TESLA INC,336111,298.14001,1723953,-0.130660,170593,0.031604,0.006837,0.036022
93436,20180831,9999,TSLA,TESLA INC,336111,301.66000,2773316,0.011806,170593,0.030233,0.019201,0.030263
93436,20180928,9999,TSLA,TESLA INC,336111,264.76999,1960767,-0.122290,171578,0.000425,-0.010332,0.004294
93436,20181031,9999,TSLA,TESLA INC,336111,337.32001,2864231,0.274011,171733,-0.074045,-0.082375,-0.069403
93436,20181130,9999,TSLA,TESLA INC,336111,350.48001,1331285,0.039013,171733,0.018512,0.000656,0.017859
93436,20181231,9999,TSLA,TESLA INC,336111,332.79999,1464466,-0.050445,172602,-0.089890,-0.099321,-0.091777
93436,20190131,9999,TSLA,TESLA INC,336111,307.01999,1757076,-0.077464,172602,0.088294,0.120260,0.078684
93436,20190228,9999,TSLA,TESLA INC,336111,319.88000,1285744,0.041887,172721,0.032724,0.038572,0.029729
93436,20190329,9999,TSLA,TESLA INC,336111,279.85999,2137844,-0.125109,173682,0.012962,-0.003908,0.017924
93436,20190430,9999,TSLA,TESLA INC,336111,238.69000,2307535,-0.147109,173721,0.037893,0.020355,0.039313
93436,20190531,9999,TSLA,TESLA INC,336111,185.16000,2826537,-0.224266,177270,-0.061679,-0.064571,-0.065778
93436,20190628,9999,TSLA,TESLA INC,336111,223.46001,2149819,0.206848,179118,0.067279,0.049002,0.068930
93436,20190731,9999,TSLA,TESLA INC,336111,241.61000,1994069,0.081223,179127,0.011854,-0.005245,0.013128
93436,20190830,9999,TSLA,TESLA INC,336111,225.61000,1340932,-0.066222,179127,-0.020339,-0.040001,-0.018092
93436,20190930,9999,TSLA,TESLA INC,336111,240.87000,1365915,0.067639,180000,0.016033,0.017681,0.017181
93436,20191031,9999,TSLA,TESLA INC,336111,314.92001,2351125,0.307427,180245,0.019256,0.006291,0.020432
93436,20191129,9999,TSLA,TESLA INC,336111,329.94000,1578851,0.047695,180245,0.034997,0.026601,0.034047
93436,20191231,9999,TSLA,TESLA INC,336111,418.32999,2070288,0.267897,181062,0.028491,0.044379,0.028590
93436,20200131,9999,TSLA,TESLA INC,336111,650.57001,4072082,0.555160,181062,-0.001728,-0.013334,-0.001628
93436,20200228,9999,TSLA,TESLA INC,336111,667.98999,4720676,0.026776,184110,-0.077918,-0.069814,-0.084110
93436,20200331,9999,TSLA,TESLA INC,336111,524.00000,4200834,-0.215557,185000,-0.141733,-0.207501,-0.125119
93436,20200430,9999,TSLA,TESLA INC,336111,781.88000,3806580,0.492137,185371,0.129674,0.153868,0.126844
93436,20200529,9999,TSLA,TESLA INC,336111,835.00000,2723026,0.067939,185371,0.053739,0.064070,0.045282
93436,20200630,9999,TSLA,TESLA INC,336111,1079.81006,2551787,0.293186,186000,0.025299,0.057391,0.018388
93436,20200731,9999,TSLA,TESLA INC,336111,1430.76001,3776740,0.325011,186362,0.055529,0.040737,0.055101
93436,20200831,9999,TSLA,TESLA INC,336111,498.32001,4051970,0.741452,931809,0.068442,0.038884,0.070065
93436,20200930,9999,TSLA,TESLA INC,336111,429.01001,17331954,-0.139087,948000,-0.035056,-0.027356,-0.039228
93436,20201030,9999,TSLA,TESLA INC,336111,388.04001,8330610,-0.095499,947901,-0.020178,0.000584,-0.027666
93436,20201130,9999,TSLA,TESLA INC,336111,567.59998,7811501,0.462736,947901,0.123707,0.174412,0.107546
93436,20201231,9999,TSLA,TESLA INC,336111,705.66998,11962716,0.243252,959854,0.045048,0.072853,0.037121
93436,20210129,9999,TSLA,TESLA INC,336111,793.53003,7038597,0.124506,959854,-0.000631,0.073192,-0.011137
93436,20210226,9999,TSLA,TESLA INC,336111,675.50000,5222236,-0.148740,959854,0.029196,0.067528,0.026091
93436,20210331,9999,TSLA,TESLA INC,336111,667.92999,9405526,-0.011207,963000,0.030573,0.012449,0.042439
93436,20210430,9999,TSLA,TESLA INC,336111,709.44000,6774422,0.062147,963330,0.048190,0.016612,0.052425
93436,20210528,9999,TSLA,TESLA INC,336111,625.21997,6241463,-0.118713,963330,0.007092,0.013179,0.005487
93436,20210630,9999,TSLA,TESLA INC,336111,679.70001,5186813,0.087137,984003,0.023422,0.021482,0.022214
93436,20210730,9999,TSLA,TESLA INC,336111,687.20001,4472791,0.011034,990015,0.011828,-0.033644,0.022748
93436,20210831,9999,TSLA,TESLA INC,336111,735.71997,3812156,0.070605,1001767,0.027147,0.018892,0.028990
93436,20210930,9999,TSLA,TESLA INC,336111,775.47998,3889228,0.054042,1004000,-0.042243,-0.028472,-0.047569
93436,20211029,9999,TSLA,TESLA INC,336111,1114.00000,5263955,0.436530,1004265,0.064657,0.026557,0.069144
93436,20211130,9999,TSLA,TESLA INC,336111,1144.76001,6457197,0.027612,1004265,-0.018347,-0.046540,-0.008334
93436,20211231,9999,TSLA,TESLA INC,336111,1056.78003,5075118,-0.076855,1033534,0.033345,-0.001760,0.043613
